<?xml version="1.0" encoding="UTF-8"?>
<ContentAsset xmlns="http://soap.sforce.com/2006/04/metadata">
    <isVisibleByExternalUsers>false</isVisibleByExternalUsers>
    <language>en_US</language>
    <masterLabel>clipartkindergartenimagelogoschoolp</masterLabel>
    <relationships>
        <organization>
            <access>VIEWER</access>
        </organization>
    </relationships>
    <versions>
        <version>
            <number>1</number>
            <pathOnClient>clip-art-kindergarten-image-logo-school-png-favpng-dEPHLK3ndS2JkUVhU9srDyvyP.jpg</pathOnClient>
        </version>
    </versions>
</ContentAsset>
